Car_Name,Year,Selling_Price,Present_Price,Kms_Driven,Fuel_Type,Seller_Type,Transmission,Owner
ritz,2014,3.35,5.59,27000,Petrol,Dealer,Manual,0
sx4,2013,4.75,9.54,43000,Diesel,Dealer,Manual,0
ciaz,2017,7.25,9.85,6900,Petrol,Dealer,Manual,0
wagon r,2011,2.85,4.15,5200,Petrol,Dealer,Manual,0
swift,2014,4.6,6.87,42450,Diesel,Dealer,Manual,0
vitara brezza,2018,9.25,9.83,2071,Diesel,Dealer,Manual,0
ciaz,2015,6.75,8.12,18796,Petrol,Dealer,Manual,0
s cross,2015,6.5,8.61,33429,Diesel,Dealer,Manual,0
ciaz,2016,8.75,8.89,20273,Diesel,Dealer,Manual,0
ciaz,2015,7.45,8.92,42367,Diesel,Dealer,Manual,0
alto 800,2017,2.85,3.6,2135,Petrol,Dealer,Manual,0
ciaz,2015,6.85,10.38,51000,Diesel,Dealer,Manual,0
ciaz,2015,7.5,9.94,15000,Petrol,Dealer,Automatic,0
ertiga,2015,6.1,7.71,26000,Petrol,Dealer,Manual,0
dzire,2009,2.25,7.21,77427,Petrol,Dealer,Manual,0
ertiga,2016,7.75,10.79,43000,Diesel,Dealer,Manual,0
ertiga,2015,7.25,10.79,41678,Diesel,Dealer,Manual,0
ertiga,2014,6.6,10.79,43000,Diesel,Dealer,Manual,0
wagon r,2015,3.25,5.09,35500,CNG,Dealer,Manual,0
sx4,2010,2.65,7.98,41442,Petrol,Dealer,Manual,0
alto k10,2016,2.85,3.95,25000,Petrol,Dealer,Manual,0
ignis,2017,4.9,5.71,2400,Petrol,Dealer,Manual,0
sx4,2011,4.4,8.01,50000,Petrol,Dealer,Automatic,0
alto k10,2014,2.5,3.46,45280,Petrol,Dealer,Manual,0
wagon r,2013,2.9,4.41,56879,Petrol,Dealer,Manual,0
swift,2011,3.0,4.99,20000,Petrol,Dealer,Manual,0
swift,2013,4.15,5.87,55138,Petrol,Dealer,Manual,0
swift,2017,6.0,6.49,16200,Petrol,Individual,Manual,0
swift,2010,1.95,3.95,44542,Petrol,Dealer,Manual,0
alto k10,2015,3.1,3.98,25000,Petrol,Dealer,Manual,0
ciaz,2017,7.45,9.29,14500,Diesel,Dealer,Manual,0
ritz,2011,2.35,7.74,49998,Diesel,Dealer,Manual,0
ritz,2013,4.9,9.38,45000,Diesel,Dealer,Manual,0
punto,2014,4.95,9.95,45000,Diesel,Dealer,Manual,0
swift,2014,3.5,5.95,25000,Petrol,Dealer,Manual,0
alto k10,2011,2.0,2.95,25000,Petrol,Dealer,Manual,0
alto k10,2011,2.0,3.45,25000,Petrol,Dealer,Manual,0
alto k10,2014,2.3,3.76,30000,Petrol,Dealer,Manual,0
wagon r,2016,3.0,4.89,40000,Petrol,Dealer,Manual,0
ciaz,2015,6.45,7.87,24500,Petrol,Dealer,Manual,0
ciaz,2015,6.75,8.96,25000,Diesel,Dealer,Manual,0
baleno,2016,5.85,7.71,37000,Petrol,Dealer,Manual,0
swift,2014,3.85,7.15,44000,Diesel,Dealer,Manual,0
ertiga,2015,6.4,10.11,45000,Diesel,Dealer,Manual,0
ertiga,2015,6.5,10.79,45000,Diesel,Dealer,Manual,0
ertiga,2014,5.8,10.79,57000,Diesel,Dealer,Manual,0
ertiga,2014,5.5,10.79,43000,Diesel,Dealer,Manual,0
wagon r,2014,3.0,5.09,39000,CNG,Dealer,Manual,0
alto k10,2013,2.7,3.46,30000,Petrol,Dealer,Manual,0
alto k10,2014,2.8,4.89,40000,Petrol,Dealer,Manual,0
